Code,Stem,Mesocotyl,Coleoptile,FPL,FPLCol,PR,RDSD,BreakCol,ARCN,SR
Trip1,9.83,8.32,1.43,1.43,0,2.54,9.83,0,0,0
Trip2,13.62,12.41,1.21,1.21,0,1.69,13.62,0,0,0
Trip3,9.45,8.11,1.34,1.34,0,3.12,9.45,0,0,0
Trip4,10.93,9.97,0.96,0.96,0,3.37,10.93,0,0,0
Trip6,16.91,15.24,1.67,1.67,0,2.32,16.91,0,0,0
Trip7,15.18,13.59,1.59,1.59,0,1.93,15.18,0,0,0
M3,27.99,18.38,6.35,9.62,3.27,20.42,21.92,63.64,0,0
M39,25.08,16.42,5.75,8.67,2.92,12.72,19.66,56.52,0.04,2.09
M43,29.57,18.9,4.37,10.67,6.31,9.65,21.04,88.57,0.06,2.09
M50,26.24,16.76,5.38,9.48,4.1,11.36,19.69,71.88,0.09,2
M55,29.82,19.98,6.04,9.85,3.81,11.65,23.94,61.54,0.15,2
IH16,30.18,18.01,4.8,12.17,7.37,13.48,20.52,78.79,0.09,1.7
Teo1,23.37,16.45,5.35,6.92,1.56,4.07,19.96,48.72,0,0
Teo2,19.43,14.21,4.33,5.51,1.29,2.66,16.99,25.71,0,0.028571429
Teo3,25.49,16.16,4.19,9.33,5.14,2.66,18.29,91.43,0,0
Teo4,16.86,12.16,3.89,4.7,0.81,2.99,15.21,28.95,0,0
Teo5,22.19,16.99,3.97,5.2,1.23,3.05,19.53,34.29,0,0
Teo6,28.94,19.85,4.19,9.09,4.9,3.3,22.18,85.71,0,0
Teo7,15.45,11.94,3.21,3.5,0.3,3.42,14.38,31.03,0,0
Teo8,25.62,19.98,4.84,5.64,0.8,3.01,24.11,22.22,0,0
Teo9,26.34,19.04,5.51,7.3,1.79,2.56,22.86,50,0,0
Teo10,28.4,20.63,3.85,7.77,3.92,2.6,22.97,76.74,0,0
Teo11,23.66,17.37,3.86,6.29,2.43,1.12,19.85,64.86,0,0
Teo12,24.92,15.9,4.99,9.02,4.02,1.87,18.17,89.74,0,0
Teo13,23.98,17.35,3.32,6.63,3.32,1.89,19.43,80,0,0
Teo14,20.31,12.14,3.61,8.17,4.56,2.37,14.18,84.62,0,0
Teo15,26.27,16.41,3.89,9.86,5.97,1.83,18.41,97.56,0,0
Teo16,25.36,14.23,4.43,11.13,6.7,2.11,16.24,97.3,0,0
Teo17,19.8,12.47,4.87,7.33,2.46,2.49,15.71,52.94,0,0
Teo18,21.93,11.64,5.11,10.29,5.18,3.37,13.74,90.7,0,0
Teo19,24.02,16.18,4.43,7.84,3.41,2.25,18.45,81.08,0,0
Teo20,14.99,8.34,3.99,6.65,2.66,1.9,10.71,82.35,0,0
Teo21,27.05,18.31,4.92,8.74,3.82,2.42,21.25,71.43,0,0
Teo22,26.05,18.77,3.83,7.28,3.45,1.97,20.87,90,0,0
Teo23,16.49,8.06,4.69,8.43,3.75,3.34,10.36,86.96,0,0
Teo24,16.19,10.41,3.42,5.78,2.36,2.11,12.38,84.62,0,0
Teo25,21.38,12.43,3.78,8.95,5.18,2.24,14.48,91.67,0,0
Teo26,24.83,14.89,4.83,9.93,5.11,3.8,16.99,93.75,0,0
M4,19.68,5.34,6.19,14.33,8.15,11.99,7.46,96.43,2.04,2.75
M6,28.01,9.86,5.08,18.15,13.08,17.81,11.86,100,2.13,2.44
M7,28.14,10.49,4.88,17.65,12.77,15.13,12.49,100,2.19,2.07
M8,26.88,9.48,5.85,17.4,11.55,16.47,11.48,100,2.42,3.21
M9,26.49,9.46,5.26,17.03,11.76,14.14,11.46,100,1.94,2.58
M10,16.19,7.21,4.51,8.98,4.47,12.6,9.63,90,1.2,2.9
M11,22.29,7.44,5.66,14.85,9.19,15.56,9.58,94.44,1.67,2.61
M12,26.73,8.34,5.67,18.39,12.72,12.55,10.34,100,2,2.84
M13,26.72,9.19,5.79,17.53,11.74,16.53,11.31,97.06,2.29,3.18
M14,21.35,7.96,6.75,13.39,6.65,18,10.72,87.1,1.26,2.52
M15,21.78,8.24,6.7,13.54,6.84,19.43,11.07,85.71,1.5,2.57
M20,22.28,8.49,7.47,13.8,6.33,21.41,11.54,81.25,2.13,2.84
M21,18.79,6.43,5.16,12.36,7.2,18.83,8.97,86.11,1.39,3.56
M25,29.47,11.82,4.89,17.66,12.76,16.7,13.82,100,1.73,1.96
M27,22.54,7.61,5.44,14.93,9.49,18.68,9.64,94.44,3,1.78
M28,27.29,8.87,4.84,18.42,13.58,14.15,10.87,100,3.21,2.14
M34,19.01,7.26,7.29,11.75,4.46,14.25,10.25,80.56,2.28,2.53
M51,25.81,9.03,4.11,16.79,12.67,9.86,11.03,100,1.61,1.79
M53,21.46,5.71,6.54,15.75,9.21,13.1,7.71,100,3.03,4.29
IH10,21.4,9,6.93,12.4,5.47,13.76,11.96,82.5,2.7,2.1
IH11,20.35,8.53,7.45,11.83,4.37,14.04,11.81,78.95,2.84,2.32
IH12,22.67,9.36,6.7,13.31,6.61,13.92,11.62,95.24,2.05,1.95
IH13,23.15,9,7.04,14.15,7.11,17.89,11.25,95.24,2.48,2
IH14,23.92,10.13,6.89,13.79,6.9,13.09,12.64,88.89,2.06,2.08
IH15,22.63,10.3,6.32,12.33,6.01,10.9,12.44,93.94,2.12,1.82
M1,21.4,11.52,5.26,9.88,4.63,9.56,13.76,90.63,0.16,1.81
M2,19.4,10.85,5.47,8.55,3.08,8.14,13.29,86.96,0.13,2.04
M5,23.23,12.81,5.73,10.42,4.68,19.13,15.56,82.76,1,2.38
M16,20.93,9.36,6.66,11.57,4.91,19.91,12.78,74.07,1.44,2.7
M17,23.5,12.5,5.99,11,5.01,19.4,14.86,90,0.67,2.3
M18,25.1,12.08,6.87,13.02,6.15,15.63,14.52,91.67,1.17,2.33
M19,25.4,12.02,7.69,13.38,5.7,20.32,14.9,87.5,2.25,2.63
M22,29.91,14.42,4.34,15.49,11.15,21.53,16.42,100,0.9,1.9
M23,23.27,12.29,5.54,10.97,5.43,19.78,14.9,82.61,0.57,2
M26,17.22,7.29,6.04,9.93,3.89,18.29,10.74,60,0.86,2.07
M29,20.68,10.86,7.26,9.82,2.56,18.96,13.95,77.78,1.63,1.63
M30,24.47,13.36,7.29,11.11,3.82,18.51,16.56,74.07,1.11,1.96
M31,20.91,11.86,7.14,9.05,1.91,18.55,15.92,58.33,1.21,2
M32,24.92,12.96,7.96,11.96,4,16.3,16.73,70.83,0.92,2.42
M33,26.43,13.87,6.76,12.55,5.79,12.72,16.28,89.74,1.56,1.97
M35,22.24,11.33,7.8,10.91,3.11,12.76,14.52,76.32,1,2.11
M36,23.88,12.38,6.8,11.5,4.7,18.03,15.25,84,0.96,1.88
M37,17.77,7.29,6.26,10.48,4.22,14.79,10.29,72,0.44,2.6
M40,26.57,13.7,6.57,12.88,6.3,15.76,16.19,88.57,0.77,3.4
M41,21.5,11.59,5.08,9.91,4.83,9.74,14.14,84.38,0.28,1.97
M42,23.69,13.39,5.56,10.3,4.74,13.11,16.71,68.18,0.55,2.5
M44,21.36,12.76,5.09,8.6,3.51,14.61,16.28,57.89,0.21,2
M45,23.25,10.65,5.64,12.6,6.96,10.53,12.85,91.18,1,1.65
M47,14.35,5.93,5.11,8.42,3.32,6.56,8.41,68.42,1.34,1.79
M48,29,12.62,7.78,16.38,8.59,15.34,15.48,78.95,1.71,3.29
M49,22.07,10.98,6.58,11.09,4.51,19.33,13.74,77.78,1,2.07
M52,20.31,13.93,5.07,5.73,1.1,9.1,18.05,35.9,0.03,2.73
IH1,19.45,9.18,5.82,10.28,4.45,11.47,11.83,79.31,1.1,2.48
IH2,17.26,8.59,6.52,8.67,2.14,10.28,13.34,48,1.56,1.6
IH3,25.33,12.51,5.8,12.82,7.02,15.34,14.6,97.56,1.78,2.05
IH4,24.51,12.93,5.96,11.58,5.62,14.93,15.26,87.18,0.82,1.95
IH5,16.21,9.19,5.5,7.03,1.53,9.91,12.56,62.96,0.48,1.81
IH6,15.12,7.13,6.39,7.99,1.6,11.92,11.24,55.26,0.84,2.16
IH7,14.31,6.85,5.92,7.46,1.55,7.68,10.08,67.5,1.13,2
IH8,19.96,9.54,5.52,10.41,4.89,11.47,12.34,75,1.17,2
IH9,17.08,7.66,5.85,9.42,3.57,12.31,10.88,69.23,0.85,1.96
IH17,18.77,10.44,4.13,8.33,4.19,9.92,12.49,97.22,0.72,1.97
IH18,21.12,11.23,6.22,9.89,3.67,13.48,15.04,66.67,0.5,2.2
IH19,19.92,11.85,5.87,8.07,2.2,12.06,15.64,62.86,0.11,2.17
IH20,22.92,13.95,5.2,8.97,3.77,14.87,16.54,76,0.36,1.88
IH21,19.99,12.54,6.41,7.45,1.03,10.94,17.22,42.86,0.34,1.46
IH22,21.48,9.63,5.09,11.86,6.77,18.48,11.92,87.88,1.45,1.64
IH23,17.19,8.79,5.21,8.41,3.19,11.93,12.14,55.88,0.56,2.12
IH24,22.78,13.34,6.52,9.44,2.92,15.25,16.13,84.44,1.62,2.04
IH25,19.38,9.34,5.48,10.04,4.56,11.05,11.64,92.86,1.14,1.86
IH26,17.35,7.45,6.53,9.89,3.36,12.14,10.26,84.21,0.66,1.97
