Group,Code,Name,SubSp,Altitude,n,Stem,Mesocotyl,Coleoptile,FPL,FPLCol,PR,ARCN,SR,BreakCol,RDSD
maize,M1,NA,NA,21,32,21.4,11.52,5.26,9.88,4.63,9.56,0.16,1.81,90.63,13.76
maize,M10,NA,NA,1533,10,16.19,7.21,4.51,8.98,4.47,12.6,1.2,2.9,90,9.63
maize,M11,NA,NA,2181,18,22.29,7.44,5.66,14.85,9.19,15.56,1.67,2.61,94.44,9.58
maize,M12,NA,NA,1584,25,26.73,8.34,5.67,18.39,12.72,12.55,2,2.84,100,10.34
maize,M13,NA,NA,1531,34,26.72,9.19,5.79,17.53,11.74,16.53,2.29,3.18,97.06,11.31
maize,M14,NA,NA,2153,31,21.35,7.96,6.75,13.39,6.65,18,1.26,2.52,87.1,10.72
maize,M15,NA,NA,2137,28,21.78,8.24,6.7,13.54,6.84,19.43,1.5,2.57,85.71,11.07
maize,M16,NA,NA,2308,27,20.93,9.36,6.66,11.57,4.91,19.91,1.44,2.7,74.07,12.78
maize,M17,NA,NA,2280,30,23.5,12.5,5.99,11,5.01,19.4,0.67,2.3,90,14.86
maize,M18,NA,NA,2415,36,25.1,12.08,6.87,13.02,6.15,15.63,1.17,2.33,91.67,14.52
maize,M19,NA,NA,2181,32,25.4,12.02,7.69,13.38,5.7,20.32,2.25,2.63,87.5,14.9
maize,M2,NA,NA,2973,23,19.4,10.85,5.47,8.55,3.08,8.14,0.13,2.04,86.96,13.29
maize,M20,NA,NA,2210,32,22.28,8.49,7.47,13.8,6.33,21.41,2.13,2.84,81.25,11.54
maize,M21,NA,NA,1552,36,18.79,6.43,5.16,12.36,7.2,18.83,1.39,3.56,86.11,8.97
maize,M22,NA,NA,191,21,29.91,14.42,4.34,15.49,11.15,21.53,0.9,1.9,100,16.42
maize,M23,NA,NA,2299,23,23.27,12.29,5.54,10.97,5.43,19.78,0.57,2,82.61,14.9
maize,M24,NA,NA,1220,2,10.85,5.5,5.35,5.35,0,9.25,0.5,2,0,10.85
maize,M25,NA,NA,120,45,29.47,11.82,4.89,17.66,12.76,16.7,1.73,1.96,100,13.82
maize,M26,NA,NA,2050,15,17.22,7.29,6.04,9.93,3.89,18.29,0.86,2.07,60,10.74
maize,M27,NA,NA,61,36,22.54,7.61,5.44,14.93,9.49,18.68,3,1.78,94.44,9.64
maize,M28,NA,NA,617,42,27.29,8.87,4.84,18.42,13.58,14.15,3.21,2.14,100,10.87
maize,M29,NA,NA,2259,27,20.68,10.86,7.26,9.82,2.56,18.96,1.63,1.63,77.78,13.95
maize,M3,NA,NA,1759,33,27.99,18.38,6.35,9.62,3.27,20.42,0,0,63.64,21.92
maize,M30,NA,NA,2334,27,24.47,13.36,7.29,11.11,3.82,18.51,1.11,1.96,74.07,16.56
maize,M31,NA,NA,2270,24,20.91,11.86,7.14,9.05,1.91,18.55,1.21,2,58.33,15.92
maize,M32,NA,NA,2231,24,24.92,12.96,7.96,11.96,4,16.3,0.92,2.42,70.83,16.73
maize,M36,NA,NA,2259,25,23.88,12.38,6.8,11.5,4.7,18.03,0.96,1.88,84,15.25
maize,M37,NA,NA,2657,25,17.77,7.29,6.26,10.48,4.22,14.79,0.44,2.6,72,10.29
maize,M38,NA,NA,2926,9,16.28,10.1,4.77,6.18,1.41,4.47,1,1.33,33.33,13.77
maize,M39,NA,NA,1390,23,25.08,16.42,5.75,8.67,2.92,12.72,0.04,2.09,56.52,19.66
maize,M4,NA,NA,732,28,19.68,5.34,6.19,14.33,8.15,11.99,2.04,2.75,96.43,7.46
maize,M40,NA,NA,2274,35,26.57,13.7,6.57,12.88,6.3,15.76,0.77,3.4,88.57,16.19
maize,M41,NA,NA,2055,32,21.5,11.59,5.08,9.91,4.83,9.74,0.28,1.97,84.38,14.14
maize,M42,NA,NA,2597,22,23.69,13.39,5.56,10.3,4.74,13.11,0.55,2.5,68.18,16.71
maize,M43,NA,NA,2688,35,29.57,18.9,4.37,10.67,6.31,9.65,0.06,2.09,88.57,21.04
maize,M44,NA,NA,2926,19,21.36,12.76,5.09,8.6,3.51,14.61,0.21,2,57.89,16.28
maize,M45,NA,NA,1877,34,23.25,10.65,5.64,12.6,6.96,10.53,1,1.65,91.18,12.85
maize,M46,NA,NA,2133,6,19.28,11.12,4.4,8.17,3.77,9.25,0,2,66.67,14.77
maize,M47,NA,NA,27,38,14.35,5.93,5.11,8.42,3.32,6.56,1.34,1.79,68.42,8.41
maize,M48,NA,NA,1600,38,29,12.62,7.78,16.38,8.59,15.34,1.71,3.29,78.95,15.48
maize,M49,NA,NA,3070,27,22.07,10.98,6.58,11.09,4.51,19.33,1,2.07,77.78,13.74
maize,M5,NA,NA,2421,29,23.23,12.81,5.73,10.42,4.68,19.13,1,2.38,82.76,15.56
maize,M50,NA,NA,2157,32,26.24,16.76,5.38,9.48,4.1,11.36,0.09,2,71.88,19.69
maize,M51,NA,NA,50,38,25.81,9.03,4.11,16.79,12.67,9.86,1.61,1.79,100,11.03
maize,M52,NA,NA,2340,78,20.31,13.93,5.07,5.73,1.1,9.1,0.03,2.73,35.9,18.05
maize,M53,NA,NA,66,34,21.46,5.71,6.54,15.75,9.21,13.1,3.03,4.29,100,7.71
maize,M54,NA,NA,2527,5,18.66,12.04,4.86,6.62,1.76,4.14,0.4,2,60,14.68
maize,M55,NA,NA,2469,13,29.82,19.98,6.04,9.85,3.81,11.65,0.15,2,61.54,23.94
maize,M6,NA,NA,648,16,28.01,9.86,5.08,18.15,13.08,17.81,2.13,2.44,100,11.86
maize,M7,NA,NA,563,27,28.14,10.49,4.88,17.65,12.77,15.13,2.19,2.07,100,12.49
maize,M8,NA,NA,598,33,26.88,9.48,5.85,17.4,11.55,16.47,2.42,3.21,100,11.48
maize,M9,NA,NA,595,33,26.49,9.46,5.26,17.03,11.76,14.14,1.94,2.58,100,11.46
Teosinte,Teo1,Teo1 Z. mays ssp. mexicana,Z. mexicana,2252,39,23.37,16.45,5.35,6.92,1.56,4.07,0,0,48.72,19.96
Teosinte,Teo10,Teo10 Z. mays ssp. parviglumis,Z. parviglumis,1439,43,28.4,20.63,3.85,7.77,3.92,2.6,0,0,76.74,22.97
Teosinte,Teo11,Teo11 Z. mays ssp. parviglumis,Z. parviglumis,343,37,23.66,17.37,3.86,6.29,2.43,1.12,0,0,64.86,19.85
Teosinte,Teo12,Teo12 Z. mays ssp. parviglumis,Z. parviglumis,581,39,24.92,15.9,4.99,9.02,4.02,1.87,0,0,89.74,18.17
Teosinte,Teo13,Teo13 Z. mays ssp. parviglumis,Z. parviglumis,1251,40,23.98,17.35,3.32,6.63,3.32,1.89,0,0,80,19.43
Teosinte,Teo14,Teo14 Z. mays ssp. parviglumis,Z. parviglumis,504,39,20.31,12.14,3.61,8.17,4.56,2.37,0,0,84.62,14.18
Teosinte,Teo15,Teo15 Z. mays ssp. parviglumis,Z. parviglumis,976,41,26.27,16.41,3.89,9.86,5.97,1.83,0,0,97.56,18.41
Teosinte,Teo16,Teo16 Z. mays ssp. parviglumis,Z. parviglumis,1140,37,25.36,14.23,4.43,11.13,6.7,2.11,0,0,97.3,16.24
Teosinte,Teo17,Teo17 Z. mays ssp. parviglumis,Z. parviglumis,944,34,19.8,12.47,4.87,7.33,2.46,2.49,0,0,52.94,15.71
Teosinte,Teo18,Teo18 Z. mays ssp. parviglumis,Z. parviglumis,1369,43,21.93,11.64,5.11,10.29,5.18,3.37,0,0,90.7,13.74
Teosinte,Teo19,Teo19 Z. mays ssp. parviglumis,Z. parviglumis,1094,37,24.02,16.18,4.43,7.84,3.41,2.25,0,0,81.08,18.45
Teosinte,Teo2,Teo2 Z. mays ssp. mexicana,Z. mexicana,2446,70,19.43,14.21,4.33,5.51,1.29,2.66,0,0.028571429,25.71,16.99
Teosinte,Teo21,Teo21 Zea ssp.,Z. sp,1649,42,27.05,18.31,4.92,8.74,3.82,2.42,0,0,71.43,21.25
Teosinte,Teo22,Teo22 Zea ssp.,Z. sp,1664,40,26.05,18.77,3.83,7.28,3.45,1.97,0,0,90,20.87
Teosinte,Teo24,Teo24 Z. diploperennis,Z. diploperennis,947,26,16.19,10.41,3.42,5.78,2.36,2.11,0,0,84.62,12.38
Teosinte,Teo25,Teo25 Z. mays ssp. huehuetenanguensis,Z. huehuetenanguensis,1522,12,21.38,12.43,3.78,8.95,5.18,2.24,0,0,91.67,14.48
Teosinte,Teo3,Teo3 Z. mays ssp. mexicana,Z. mexicana,1854,35,25.49,16.16,4.19,9.33,5.14,2.66,0,0,91.43,18.29
Teosinte,Teo4,Teo4 Z. mays ssp. mexicana,Z. mexicana,2176,38,16.86,12.16,3.89,4.7,0.81,2.99,0,0,28.95,15.21
Teosinte,Teo5,Teo5 Z. mays ssp. mexicana,Z. mexicana,2581,35,22.19,16.99,3.97,5.2,1.23,3.05,0,0,34.29,19.53
Teosinte,Teo6,Teo6 Z. mays ssp. mexicana,Z. mexicana,2002,42,28.94,19.85,4.19,9.09,4.9,3.3,0,0,85.71,22.18
Teosinte,Teo7,Teo7 Z. mays ssp. mexicana,Z. mexicana,2646,29,15.45,11.94,3.21,3.5,0.3,3.42,0,0,31.03,14.38
Teosinte,Teo8,Teo8 Z. mays ssp. mexicana,Z. mexicana,2375,36,25.62,19.98,4.84,5.64,0.8,3.01,0,0,22.22,24.11
Teosinte,Teo9,Teo9 Z. mays ssp. mexicana,Z. mexicana,2447,34,26.34,19.04,5.51,7.3,1.79,2.56,0,0,50,22.86
Tripsacum,Trip1,NA,NA,990,5,13.86,12.34,1.52,1.52,0,3.9,0,0,0,13.86
Tripsacum,Trip10,NA,NA,797,16,15.19,13.59,1.59,1.59,0,1.93,0,0,0,15.19
Tripsacum,Trip11,NA,NA,325,1,17.1,15.2,1.9,1.9,0,4.2,0,0,0,17.1
Tripsacum,Trip12,NA,NA,1880,1,16.4,14.6,1.8,1.8,0,1.6,0,0,0,16.4
Tripsacum,Trip2,NA,NA,615,20,13.63,12.42,1.21,1.21,0,1.69,0,0,0,13.63
Tripsacum,Trip3,NA,NA,1113,5,11,8.74,1.7,1.7,0,3.28,0,0,0,11
Tripsacum,Trip4,NA,NA,1380,13,8.35,7.23,1.06,1.06,0,2.99,0,0,0,8.35
Tripsacum,Trip5,NA,NA,1380,17,9.45,8.11,1.34,1.34,0,3.12,0,0,0,9.45
Tripsacum,Trip7,NA,NA,560,13,10.94,9.98,0.96,0.96,0,3.38,0,0,0,10.94
Tripsacum,Trip8,NA,NA,1100,5,6.54,5.82,0.72,0.72,0,2.36,0,0,0,6.54
Tripsacum,Trip9,NA,NA,935,11,16.92,15.25,1.67,1.67,0,2.33,0,0,0,16.92
