Group,Code,Experiment,Stem,Mesocotyl,Coleoptile,FPL,FPLCol,PR,ARCN,SR,BreakCol,RDSD
Maize,M52,8D,10.6,5.2,3.7,5.4,1.7,14.2,0,3,1,10.9
Maize,M52,8D,27.5,21.8,5.4,5.7,0.3,20.6,0,3,1,29.2
Maize,M52,8D,32.4,23.4,9,7.4,-1.6,16.3,0,3,0,32.4
Maize,M52,8D,32.1,22.9,9.4,9.4,0,15.9,0,3,0,32.3
Maize,M52,8D,29,22.5,6,6.5,0.5,16.4,0,3,1,30.5
Maize,M52,8D,30,23,6.5,7,0.5,10.3,0,3,1,31.5
Maize,M52,8D,28.7,21.7,5.6,7,1.4,7.5,0,4,1,29.3
Maize,M52,8D,30.6,23.4,7.2,7.2,0,17,0,2,0,30.6
Maize,M52,8D,30.1,22,8.1,8.1,0,22,0,3,0,30.1
Maize,M52,8D,30,22,8,7,-1,20.2,0,3,0,30
Maize,M52,8D,24.3,16.9,5.8,7.4,1.6,4,0,5,1,24.7
Maize,M52,8D,23.2,15.8,6.6,7.4,0.8,6.7,0,5,1,24.4
Maize,M52,8D,28.9,21.4,7.5,7.5,0,8,0,4,0,28.9
Maize,M52,8D,21.9,14.5,5.6,7.4,1.8,5.2,0,5,1,22.1
Maize,M52,8D,28.6,23.1,5.5,5.5,0,20.3,0,3,0,28.6
Maize,M52,8D,25.3,17.8,2,7.5,5.5,9.4,0,5,1,21.8
Maize,M52,8D,27.2,24,3.2,3.2,0,11,0,1,0,27.2
Maize,M52,8D,30.4,22.5,6.1,7.9,1.8,6.8,0,5,1,30.6
Maize,M52,8D,24.6,16.7,5.7,7.9,2.2,20,0,4,1,24.4
Maize,M52,8D,27.5,19,7,8.5,1.5,17,0,3,1,28
Maize,M52,8D,26.5,22.4,4.1,4.1,0,3.4,0,3,0,26.5
Maize,M52,8D,25.2,17.2,8,5.7,-2.3,6.4,0,3,0,25.2
Maize,M52,8D,25.2,21.1,4.1,2.2,-1.9,10,0,3,0,25.2
Maize,M52,8D,25.1,19.6,5.5,5.5,0,4.9,0,3,0,25.1
Maize,M52,8D,22.8,13.4,6.7,9.4,2.7,19.8,0,2,1,22.1
Maize,M52,8D,25,20.5,4.5,4,-0.5,3.7,0,3,0,25
Maize,M52,8D,24.6,15,6.6,9.6,3,7.1,0,4,1,23.6
Maize,M52,8D,25.7,15.7,5.9,10,4.1,20,0,2,1,23.6
Maize,M52,8D,24.5,18,6.5,5,-1.5,8,0,4,0,24.5
Maize,M52,8D,28.9,18.7,7.3,10.2,2.9,4.5,0,4,1,28
Maize,M52,8D,33.1,22.9,5.9,10.3,4.4,15.3,0,4,1,30.8
Maize,M52,8D,27.8,17.5,4.5,10.3,5.8,13.5,0,2,1,24
Maize,M52,8D,24.1,17.6,6.5,6,-0.5,17.5,0,3,0,24.1
Maize,M52,8D,23.5,16,7.5,6.6,-0.9,6.4,0,4,0,23.5
Maize,M52,8D,30.5,20,6.6,10.5,3.9,7.2,0,2,1,28.6
Maize,M52,8D,33.6,23,6.6,10.6,4,10,0,3,1,31.6
Maize,M52,8D,22.1,15.5,6.6,5.9,-0.7,30.9,0,3,0,22.1
Maize,M52,8D,21.9,14.7,7.2,5,-2.2,12.9,0,4,0,21.9
Maize,M52,8D,22.4,11.1,7,11.3,4.3,2.8,0,3,1,20.1
Maize,M52,8D,20.4,13.4,7,7,0,3.1,0,4,0,20.4
Maize,M52,8D,20.2,13.7,6.5,6.5,0,14.1,0,3,0,20.2
Maize,M52,8D,20.1,8.6,11.5,11.5,0,6.7,0,2,0,20.1
Maize,M52,8D,18.7,13.3,5.4,4,-1.4,14.2,0,3,0,18.7
Maize,M52,8D,18.6,12,6.6,6.6,0,4,0,3,0,18.6
Maize,M52,8D,18.3,15.2,2.8,2.8,0,14.6,0,2,0,18
Maize,M52,8D,18,11,7,6.4,-0.6,9.3,0,3,0,18
Maize,M52,8D,16.7,10.5,6.2,5.3,-0.9,17,0,2,0,16.7
Maize,M52,8D,16.6,10.2,6.4,6,-0.4,4.5,1,4,0,16.6
Maize,M52,8D,15.4,9.4,6,6,0,23.8,0,3,0,15.4
Maize,M52,8D,13.7,9.1,4.6,2.6,-2,7.3,0,4,0,13.7
Maize,M52,8D,13.1,7.9,5.2,3.5,-1.7,10.2,0,4,0,13.1
Maize,M52,8D,13,9.2,3.8,3.8,0,8,0,2,0,13
Maize,M52,8D,12.9,7.4,5.5,3.6,-1.9,7,0,5,0,12.9
Maize,M52,8D,12.2,9.3,3.1,3.1,0,5.6,0,3,0,12.4
Maize,M52,8D,12.1,8.6,3.8,3.5,-0.3,24.1,0,3,0,12.4
Maize,M52,8D,11.8,9.5,2.3,2.3,0,5.5,0,2,0,11.8
Maize,M52,8D,33.8,20.8,6.8,13,6.2,13.4,0,3,1,29.6
Maize,M52,8D,10.7,7,3.7,2.5,-1.2,3.7,0,5,0,10.7
Maize,M52,8D,10.3,7.7,2.6,1.1,-1.5,18.5,0,4,0,10.3
Maize,M52,8D,9.2,3,6.2,5.9,-0.3,10.1,0,3,0,9.2
Maize,M52,8D,8,5.8,2.2,2.2,0,2.5,0,3,0,8
Maize,M52,8D,7.5,6.5,1,1,0,2.2,0,3,0,7.5
Maize,M52,8D,6.3,4.5,1.8,1.8,0,17.8,0,5,0,6.3
Maize,M52,8D,5.6,3.5,2.1,2.1,0,5.6,0,3,0,5.6
Maize,M52,8D,3.4,1,2.4,2.4,0,5.6,0,2,0,3.4
Maize,M52,8D,27.7,12.4,5.2,15.3,10.1,3.5,0,2,1,19.6
Maize,M52,8L,22,17.5,4.2,4.5,0.3,4.8,0,3,1,23.7
Maize,M52,8L,22,17.4,4.1,4.6,0.5,5.1,0,3,1,23.5
Maize,M52,8L,23,17,4.8,6,1.2,6.8,0,3,1,23.8
Maize,M52,8L,22.5,16.5,3.7,6,2.3,4.5,0,3,1,22.2
Maize,M52,8L,7.7,1.5,4.7,6.2,1.5,14.3,0,3,1,8.2
Maize,M52,8L,23.6,17.3,3.4,6.3,2.9,3.2,0,1,1,22.7
Maize,M52,8L,13.1,6.8,5.5,6.3,0.8,21.3,0,4,1,14.3
Maize,M52,8L,18.8,12.2,3.4,6.6,3.2,4.7,0,4,1,17.6
Maize,M52,8L,22.5,15.5,4.5,7,2.5,11,0,3,1,22
Maize,M52,8L,20.8,13.7,5,7.1,2.1,9.1,0,3,1,20.7
Maize,M52,8L,17.4,10,4.7,7.4,2.7,10,0,4,1,16.7
Maize,M52,8L,17,9.4,2.6,7.6,5,9.5,0,2,1,14
Maize,M52,8L,19.6,11.5,3.6,8.1,4.5,11.9,0,3,1,17.1
Maize,M52,8L,18.5,9.7,5.8,8.8,3,17,3,2,1,17.5
Maize,M52,8L,21.5,12.6,2.8,8.9,6.1,6,0,3,1,17.4
Maize,M52,8L,25.3,15.9,3,9.4,6.4,2,0,0,1,20.9
Maize,M52,8L,25.3,15.9,2.7,9.4,6.7,9.8,0,3,1,20.6
Maize,M52,8L,23.3,12.8,4.3,10.5,6.2,12.8,3,4,1,19.1
Maize,M52,8L,26.4,15.8,3.9,10.6,6.7,6.7,3,4,1,21.7
Maize,M52,8L,28.4,17.4,4.2,11,6.8,2.5,1,4,1,23.6
Maize,M52,8L,20.6,9.5,2.3,11.1,8.8,7.8,0,2,1,13.8
Maize,M52,8L,25.6,14.4,4,11.2,7.2,10.3,3,2,1,20.4
Maize,M52,8L,25,13.8,5.7,11.2,5.5,4.2,4,2,1,21.5
Maize,M52,8L,27.2,15.9,4.1,11.3,7.2,4,0,4,1,22
Maize,M52,8L,26.5,15.1,5.2,11.4,6.2,5.5,0,3,1,22.3
Maize,M52,8L,23,11.5,4.7,11.5,6.8,7,0,4,1,18.2
Maize,M52,8L,20,14,6,6,0,1.5,0,3,0,20
Maize,M52,8L,27.3,15.6,3.8,11.7,7.9,3.4,0,3,1,21.4
Maize,M52,8L,29.4,17,4.2,12.4,8.2,2.3,0,3,1,23.2
Maize,M52,8L,15.3,9.5,5.8,2.5,-3.3,10,0,4,0,15.3
Maize,M52,8L,26.1,13.6,5.6,12.5,6.9,1.4,0,3,1,21.2
Maize,M52,8L,15,10,5,5,0,3.6,0,3,0,15
Maize,M52,8L,13.7,10,3.7,3.7,0,7.8,0,3,0,13.7
Maize,M52,8L,23.6,10.9,12.6,12.7,0.1,9,0,3,1,25.5
Maize,M52,8L,12.7,8.3,4.4,4.4,0,3,0,3,0,12.7
Maize,M52,8L,12,8,4,2.2,-1.8,14.2,0,2,0,12
Maize,M52,8L,4.4,2,2.4,2.4,0,18,0,3,0,4.4
Maize,M52,8L,27.1,13.7,5.3,13.4,8.1,13.6,1,4,1,21
Maize,M52,8L,13.9,9.5,6.4,14.4,8,9.1,0,2,1,17.9
Maize,M52,8L,28.7,14.1,3.1,14.6,11.5,13.2,1,6,1,19.2
Maize,M52,8L,26.5,11.1,4.7,15.4,10.7,11.8,3,3,1,17.8
Maize,M52,8L,25.7,10.2,14.4,15.5,1.1,6.5,1,3,1,26.6
Maize,M52,8L,27,10,3.3,17,13.7,12.8,4,6,1,15.3
Maize,M52,8L,33.3,14.3,3.8,19,15.2,5.7,0,3,1,20.1
Maize,M52,8L,30.3,6.6,4.3,23.7,19.4,8.6,2,2,1,12.9
Maize,M52,15D,11.1,5.5,3,5.6,2.6,5,0,3,1,10.5
Maize,M52,15D,20.5,14.6,3.6,5.9,2.3,2.4,4,3,1,20.2
Maize,M52,15D,34.3,17.3,17,1.7,-15.3,2.3,0,3,0,34.3
Maize,M52,15D,32,25.5,6.5,6.5,0,3,0,3,0,32
Maize,M52,15D,27.1,20,5.8,7.1,1.3,1.6,0,2,1,27.8
Maize,M52,15D,29.7,22.5,7.2,6,-1.2,1.1,0,3,0,29.7
Maize,M52,15D,25.1,17.5,7,7.6,0.6,26,2,3,1,26.5
Maize,M52,15D,16.1,8.5,3.5,7.6,4.1,2.8,0,4,1,14
Maize,M52,15D,32,24.2,4.5,7.8,3.3,4.3,0,3,1,30.7
Maize,M52,15D,21.7,13.3,5,8.4,3.4,6.7,0,4,1,20.3
Maize,M52,15D,26.9,20.5,6.4,6.4,0,4.9,0,2,0,26.9
Maize,M52,15D,30,21,5.2,9,3.8,3,3,3,1,28.2
Maize,M52,15D,27.2,18,5.1,9.2,4.1,9.2,0,5,1,25.1
Maize,M52,15D,26,19,7,7,0,16.6,0,4,0,26
Maize,M52,15D,21.8,12.5,5,9.3,4.3,2.8,0,3,1,19.5
Maize,M52,15D,25,17,8,8,0,6.5,0,3,0,25
Maize,M52,15D,23.8,15.5,8.3,6.1,-2.2,16.1,0,3,0,23.8
Maize,M52,15D,23.8,19.4,4.4,3.6,-0.8,3,0,3,0,23.8
Maize,M52,15D,27,16.7,4.9,10.3,5.4,4.6,0,3,1,23.6
Maize,M52,15D,24.3,13.9,4.3,10.4,6.1,5,0,4,1,20.2
Maize,M52,15D,22.9,16.5,6.4,5.6,-0.8,1.2,0,4,0,22.9
Maize,M52,15D,21.4,17,4.4,4.4,0,18.5,0,5,0,21.4
Maize,M52,15D,16.6,12,4.6,4.6,0,9,0,3,0,16.6
Maize,M52,15D,14.7,10.2,4.5,4.5,0,6,0,3,0,14.7
Maize,M52,15D,14.6,5.7,8.9,8.4,-0.5,4.2,0,3,0,14.6
Maize,M52,15D,27.5,14.6,5.4,12.9,7.5,4,3,4,1,22
Maize,M52,15D,24.2,9.2,4.2,13,8.8,4.2,0,4,1,15.4
Maize,M52,15D,10.4,5,5.4,5.4,0,5,0,4,0,10.4
Maize,M52,15D,7.4,4,3.4,3.4,0,8.3,0,3,0,7.4
Maize,M52,15D,34.5,21,6.7,13.5,6.8,4.8,0,3,1,29.7
Maize,M52,15D,36.5,20,4.7,16.5,11.8,14.5,0,4,1,26.7
Maize,M52,15D,31.5,13.7,5.8,17.8,12,3.9,1,2,1,21.5
Maize,M52,15D,31,10,8,21,13,22,0,2,1,20
Maize,M52,15D,43.3,21.6,4.1,21.7,17.6,1.1,0,1,1,27.7
Maize,M52,15D,35.9,12.9,6.6,23,16.4,1.9,2,2,1,21.5
Maize,M52,15D,35.1,10.6,7.6,24.5,16.9,3.6,3,3,1,20.2
Maize,M52,15D,44,18,5,26,21,3.1,0,2,1,25
Maize,M52,15D,48.8,20.5,15.6,28.3,12.7,5,0,2,1,38.1
Maize,M52,15D,39.1,9,10.8,30.1,19.3,9.2,1,4,1,21.8
Maize,M52,15D,49.5,16.6,4.2,32.9,28.7,10.1,0,3,1,22.8
Maize,M52,15D,52,17.5,6.8,34.5,27.7,4.8,0,3,1,26.3
Maize,M52,15D,43.6,18.1,5,35.5,30.5,9.6,0,5,1,25.1
Maize,M52,15D,57.5,1.8,4,40,36,21.5,2,3,1,7.8
Maize,M52,15L,12,8,1.3,4,2.7,11,0,3,1,11.3
Maize,M52,15L,15.8,10.8,4.2,5,0.8,5,0,3,1,17
Maize,M52,15L,13.1,7.7,2.3,5.4,3.1,19.8,2,3,1,12
Maize,M52,15L,19.9,13.9,3.8,6,2.2,10,0,4,1,19.7
Maize,M52,15L,15.3,9.6,4.5,6,1.5,10.6,1,3,1,16.1
Maize,M52,15L,19.3,12.6,3.3,6.4,3.1,25,0,3,1,17.9
Maize,M52,15L,17.7,8,4.3,9.3,5,20.6,3,3,1,14.3
Maize,M52,15L,22,12,2.6,10,7.4,10,0,1,1,16.6
Maize,M52,15L,21,10.9,3.7,10.3,6.6,0.1,0,3,1,16.6
Maize,M52,15L,27.3,15.7,4,11.7,7.7,19.5,0,5,1,21.7
Maize,M52,15L,15.9,9.7,6.2,6.2,0,4,0,5,0,15.9
Maize,M52,15L,7.3,5,2.3,2.3,0,15.4,0,5,0,7.3
Maize,M52,15L,31.3,16.7,0.3,14.6,14.3,3,0,3,1,19
Maize,M52,15L,23.5,6.5,4,17,13,31.2,3,3,1,12.5
Maize,M52,15L,29.6,10.9,7.5,18.7,11.2,7.3,3,3,1,20.4
Maize,M52,15L,31.4,12.4,4.2,19,14.8,5.7,0,4,1,18.6
Maize,M52,15L,31.1,11.6,4,19.5,15.5,7.3,1,3,1,17.6
Maize,M52,15L,27.2,7.5,6.5,19.7,13.2,13.2,2,3,1,16
Maize,M52,15L,32.2,12.2,4.6,20,15.4,13.6,3,3,1,18.8
Maize,M52,15L,37.5,15.8,3.1,21.2,18.1,25.5,0,2,1,20.9
Maize,M52,15L,31,7.6,3.7,23.4,19.7,15,4,4,1,13.3
Maize,M52,15L,32.1,8.1,4.6,24,19.4,22.6,0,4,1,14.7
Maize,M52,15L,41.6,17.1,3.2,24.5,21.3,13.4,3,2,1,22.3
Maize,M52,15L,35.8,11.2,4.2,24.6,20.4,15.3,3,3,1,17.4
Maize,M52,15L,37,12.6,14.3,24.7,10.4,12,0,4,1,28.9
Maize,M52,15L,26,10.5,3.2,25.5,22.3,5,0,4,1,15.7
Maize,M52,15L,41.2,14.2,6,27,21,9.5,6,5,1,22.2
Maize,M52,15L,39.8,12.4,4.5,27.4,22.9,9.4,0,5,1,18.9
Maize,M52,15L,41.5,14,2.6,27.5,24.9,6.7,3,2,1,18.6
Maize,M52,15L,37.9,10.1,5.3,27.8,22.5,9.3,2,4,1,17.4
Maize,M52,15L,42.8,13.1,3.6,29.7,26.1,3.6,1,4,1,18.7
Maize,M52,15L,42.5,12.8,3.1,30.2,27.1,8.7,3,4,1,17.9
Maize,M52,15L,47.4,13.2,3.4,34.2,30.8,9.3,3,5,1,18.6
Maize,M52,15L,46.6,11.7,4.1,34.9,30.8,14.2,3,2,1,17.8
Maize,M52,15L,46.6,11.8,5.4,35,29.6,10,4,3,1,19.2
Teocinte,Teo2,8D,15.8,11.3,3.8,4.5,0.7,6.6,0,0,1,17.1
Teocinte,Teo2,8D,13.7,8.5,4.4,5.2,0.8,3.7,0,0,1,14.9
Teocinte,Teo2,8D,24,18.3,5.5,5.7,0.2,3.7,0,0,1,25.8
Teocinte,Teo2,8D,29.7,23.4,3.7,6.3,2.6,1,0,0,1,29.1
Teocinte,Teo2,8D,26.1,19.5,4.7,6.6,1.9,1.5,0,0,1,26.2
Teocinte,Teo2,8D,23.9,16.9,3.5,7,3.5,2.4,0,0,1,22.4
Teocinte,Teo2,8D,24.8,17.6,6,7.2,1.2,0.9,0,0,1,25.6
Teocinte,Teo2,8D,41.6,31.3,7.2,9.3,2.1,6.1,0,0,1,40.5
Teocinte,Teo2,8D,27.1,17.8,7.5,9.3,1.8,1.5,0,0,1,27.3
Teocinte,Teo2,8D,24.9,14.1,4.2,10.8,6.6,2,0,0,1,20.3
Teocinte,Teo2,8D,35.4,23.9,8.8,11.5,2.7,3.7,0,0,1,34.7
Teocinte,Teo2,8D,33.6,22,5.2,11.6,6.4,2,0,0,1,29.2
Teocinte,Teo2,8D,26.3,14.2,7.1,12.1,5,3.6,0,0,1,23.3
Teocinte,Teo2,8D,24,11.2,6.2,12.8,6.6,2.4,0,0,1,19.4
Teocinte,Teo2,8D,22,8.5,5.4,13.5,8.1,1.2,0,1,1,15.9
Teocinte,Teo2,8D,27.4,13.4,6.5,14,7.5,2.4,0,0,1,21.9
Teocinte,Teo2,8D,35.6,26.7,8.9,8.9,0,3.4,0,0,0,35.6
Teocinte,Teo2,8D,35.1,25,10.1,10.1,0,1.6,0,0,0,35.1
Teocinte,Teo2,8D,32.5,23,9.5,9.5,0,2.6,0,0,0,32.5
Teocinte,Teo2,8D,32.5,24.5,8,8,0,3.7,0,0,0,32.5
Teocinte,Teo2,8D,35.4,20,7,15.4,8.4,2.4,0,0,1,29
Teocinte,Teo2,8D,27.8,22,5.8,4.3,-1.5,1.8,0,0,0,27.8
Teocinte,Teo2,8D,32,13.6,12.3,18.4,6.1,2.6,0,0,1,27.9
Teocinte,Teo2,8D,37.1,17.3,17.2,19.8,2.6,0.3,0,0,1,36.5
Teocinte,Teo2,8D,26,19.8,6.2,6.2,0,3,0,0,0,26
Teocinte,Teo2,8D,29.2,18.2,6.1,21,14.9,1.1,0,0,1,26.3
Teocinte,Teo2,8D,40.4,18.6,8,21.8,13.8,3,0,0,1,28.6
Teocinte,Teo2,8D,24.4,20,4.4,4.4,0,2.6,0,0,0,24.4
Teocinte,Teo2,8D,24.1,20.1,4,4,0,2,0,0,0,24.1
Teocinte,Teo2,8D,23.8,20.8,3,3,0,1.6,0,0,0,23.8
Teocinte,Teo2,8D,22.8,18.1,4.7,2.8,-1.9,1.5,0,0,0,22.8
Teocinte,Teo2,8D,21.7,19.5,2.2,1.8,-0.4,3.8,0,0,0,21.7
Teocinte,Teo2,8D,21.4,15.4,6,6,0,2.2,0,0,0,21.4
Teocinte,Teo2,8D,21,12.2,8.8,8.8,0,2.7,0,0,0,21
Teocinte,Teo2,8D,52.8,26.6,6.6,26.2,19.6,3.1,0,0,1,35.2
Teocinte,Teo2,8D,20.9,17,3.9,3,-0.9,4.5,0,0,0,20.9
Teocinte,Teo2,8D,20.5,15,5.5,5.5,0,3,0,0,0,20.5
Teocinte,Teo2,8D,20.4,16.2,4.2,4.2,0,2.4,0,0,0,20.4
Teocinte,Teo2,8D,19.1,15,4.1,2.8,-1.3,2.2,0,0,0,19.1
Teocinte,Teo2,8D,18.9,17.6,1.3,1.3,0,1.7,0,0,0,18.9
Teocinte,Teo2,8D,18.7,16.3,2.4,2.4,0,4.2,0,0,0,18.7
Teocinte,Teo2,8D,18.5,13.6,4.9,4.9,0,2.1,0,0,0,18.5
Teocinte,Teo2,8D,18.5,17.2,1.3,1.3,0,2.1,0,0,0,18.5
Teocinte,Teo2,8D,18.3,13.3,5,5,0,3.4,0,0,0,18.3
Teocinte,Teo2,8D,18.2,14.4,3.8,3.5,-0.3,3.5,0,0,0,18.2
Teocinte,Teo2,8D,17.3,12.1,5.2,5.2,0,2.3,0,0,0,17.3
Teocinte,Teo2,8D,17,14.5,2.5,1.8,-0.7,2.8,0,0,0,17
Teocinte,Teo2,8D,16.2,14.3,1.9,1.9,0,2.1,0,0,0,16.2
Teocinte,Teo2,8D,16.2,14.7,1.5,1.5,0,1.1,0,0,0,16.2
Teocinte,Teo2,8D,15.8,13.5,2.3,2.3,0,3.5,0,0,0,15.8
Teocinte,Teo2,8D,14,12,2,2,0,2.4,0,0,0,14
Teocinte,Teo2,8D,13.7,10.3,3.4,3.4,0,4.8,0,0,0,13.7
Teocinte,Teo2,8D,13.3,11.6,1.7,1.7,0,2.3,0,0,0,13.3
Teocinte,Teo2,8D,12.7,11.8,0.9,0.9,0,1.2,0,0,0,12.7
Teocinte,Teo2,8D,12.6,10.3,2.3,2,-0.3,2.5,0,0,0,12.6
Teocinte,Teo2,8D,12.5,5,7.5,7.5,0,1,0,0,0,12.5
Teocinte,Teo2,8D,12.3,10.3,2,2,0,2,0,0,0,12.3
Teocinte,Teo2,8D,11.9,9.9,2,2,0,5.9,0,0,0,11.9
Teocinte,Teo2,8D,11.9,10.7,1.2,1.2,0,2.5,0,0,0,11.9
Teocinte,Teo2,8D,11.5,8.7,2.8,1.7,-1.1,3,0,0,0,11.5
Teocinte,Teo2,8D,11.2,9.5,1.7,1.7,0,2.8,0,0,0,11.2
Teocinte,Teo2,8D,11,9.2,1.8,1.8,0,2.5,0,0,0,11
Teocinte,Teo2,8D,10.8,9.9,0.9,0.9,0,2.4,0,0,0,10.8
Teocinte,Teo2,8D,10.1,9.4,0.7,0.7,0,1.6,0,0,0,10.1
Teocinte,Teo2,8D,10.1,8.2,1.9,1.9,0,1.4,0,0,0,10.1
Teocinte,Teo2,8D,10,9.4,0.6,0.6,0,2.8,0,0,0,10
Teocinte,Teo2,8D,9.6,8.5,1.1,1.1,0,3.7,0,0,0,9.6
Teocinte,Teo2,8D,9.3,7.3,2,2,0,3.1,0,0,0,9.3
Teocinte,Teo2,8D,8.8,7.5,1.3,1.3,0,1.5,0,0,0,8.8
Teocinte,Teo2,8D,6.3,5.3,1,1,0,7.3,0,0,0,6.3
Teocinte,Teo2,8D,4.9,4.1,0.8,0.8,0,3.6,0,0,0,4.9
Teocinte,Teo2,8D,4.5,3.8,0.7,0.7,0,2.3,0,0,0,4.5
Teocinte,Teo2,8L,12.8,9,2.6,3.8,1.2,1.5,0,0,1,13.6
Teocinte,Teo2,8L,17,12.2,2.3,4.8,2.5,3,0,0,1,16.5
Teocinte,Teo2,8L,12,6.5,4,5.5,1.5,3.5,0,0,1,12.5
Teocinte,Teo2,8L,16.3,10.1,5.8,6.2,0.4,1.2,0,0,1,17.9
Teocinte,Teo2,8L,17.8,8.8,5.2,9,3.8,1.3,0,0,1,16
Teocinte,Teo2,8L,19.5,8,6.4,11.5,5.1,2,0,0,1,16.4
Teocinte,Teo2,8L,17,11.3,5.7,5.7,0,1.7,0,0,0,17
Teocinte,Teo2,8L,16.9,12.9,4,4,0,2,0,0,0,16.9
Teocinte,Teo2,8L,15.5,12.4,3.1,1.9,-1.2,3.7,0,0,0,15.5
Teocinte,Teo2,8L,15.4,9.2,6.2,6.2,0,3.3,0,0,0,15.4
Teocinte,Teo2,8L,14,10,4,4,0,1.3,0,0,0,14
Teocinte,Teo2,8L,13.4,11.4,2,2,0,7.1,0,0,0,13.4
Teocinte,Teo2,8L,13.1,11.4,1.7,1.7,0,6.2,0,0,0,13.1
Teocinte,Teo2,8L,13,11.5,1.5,1.5,0,1.5,0,0,0,13
Teocinte,Teo2,8L,13,9.9,3.1,3.1,0,1.2,0,0,0,13
Teocinte,Teo2,8L,12.8,11,1.8,1.8,0,2.5,0,0,0,12.8
Teocinte,Teo2,8L,12.6,10.8,1.8,1.8,0,3.3,0,0,0,12.6
Teocinte,Teo2,8L,12.1,8.5,3.6,2.9,-0.7,6,0,0,0,12.1
Teocinte,Teo2,8L,12,10.3,1.7,1.7,0,7.7,0,0,0,12
Teocinte,Teo2,8L,11,7.5,3.5,3.5,0,4.7,0,0,0,11
Teocinte,Teo2,8L,10,6.5,3.5,3.5,0,6,0,0,0,10
Teocinte,Teo2,8L,9.6,3.4,6.2,4,-2.2,5.1,0,0,0,9.6
Teocinte,Teo2,8L,9,3.7,5.3,5.3,0,6.4,0,0,0,9
Teocinte,Teo2,8L,8.8,8.1,0.7,0.7,0,3.9,0,0,0,8.8
Teocinte,Teo2,8L,7.8,6.7,1.1,1.1,0,2,0,0,0,7.8
Teocinte,Teo2,8L,7.2,3.4,3.8,3.8,0,7.3,0,0,0,7.2
Teocinte,Teo2,8L,3.9,2.5,1.4,1.4,0,2.2,0,0,0,3.9
Teocinte,Teo2,15D,25.5,19.2,5.6,6.3,0.7,9.4,0,0,1,26.8
Teocinte,Teo2,15D,24.2,17.6,4.9,6.6,1.7,5,0,0,1,24.5
Teocinte,Teo2,15D,28,21,6,7,1,3.3,0,0,1,29
Teocinte,Teo2,15D,28.2,20.8,5.1,7.4,2.3,4,0,0,1,27.9
Teocinte,Teo2,15D,27.6,20,3,7.6,4.6,2.5,0,0,1,25
Teocinte,Teo2,15D,36.6,28.8,6.4,7.8,1.4,2.6,0,0,1,37.2
Teocinte,Teo2,15D,25.5,17.7,4,7.8,3.8,4.2,0,0,1,23.7
Teocinte,Teo2,15D,40.4,28.9,5.6,11.5,5.9,4.7,0,0,1,36.5
Teocinte,Teo2,15D,38.7,26.7,8,12,4,2.6,0,0,1,36.7
Teocinte,Teo2,15D,30,18,6.6,12,5.4,3.5,0,0,1,26.6
Teocinte,Teo2,15D,28,16,5.5,12,6.5,5.7,0,0,1,23.5
Teocinte,Teo2,15D,48.5,22.8,25.7,25.7,0,4.1,0,0,0,48.5
Teocinte,Teo2,15D,46.7,23.3,23.4,23.4,0,4,0,0,0,46.7
Teocinte,Teo2,15D,44.4,19,26.4,26.4,0,4.7,0,0,0,45.4
Teocinte,Teo2,15D,31,17.4,5.6,13.6,8,7.7,0,0,1,25
Teocinte,Teo2,15D,27.7,13.7,6.2,14,7.8,4.6,0,0,1,21.9
Teocinte,Teo2,15D,38.1,29.5,8.6,8.5,-0.1,5,0,0,0,38.1
Teocinte,Teo2,15D,25.8,11.7,5.9,14.1,8.2,5.3,0,0,1,19.6
Teocinte,Teo2,15D,37.5,23,5.1,14.5,9.4,3.2,0,0,1,30.1
Teocinte,Teo2,15D,20,5.4,6.6,14.6,8,7.7,0,0,1,14
Teocinte,Teo2,15D,29,14,5.7,15,9.3,4.9,0,0,1,21.7
Teocinte,Teo2,15D,35.4,17.4,18,18,0,6.3,0,0,0,35.4
Teocinte,Teo2,15D,32,25.4,6.6,6.6,0,3,0,0,0,32
Teocinte,Teo2,15D,31.5,24.5,7,7,0,2.4,0,0,0,31.5
Teocinte,Teo2,15D,31.2,24.5,6.7,6.7,0,4,0,0,0,31.2
Teocinte,Teo2,15D,30.8,24.2,6.6,6.6,0,3.6,0,0,0,30.8
Teocinte,Teo2,15D,28.9,12.5,5.5,16.4,10.9,2.9,0,0,1,20
Teocinte,Teo2,15D,30,13.5,7.8,16.5,8.7,3.7,1,0,1,23.3
Teocinte,Teo2,15D,29.3,20.5,8.8,8.8,0,1.7,0,0,0,29.3
Teocinte,Teo2,15D,29.1,22,7.1,7.1,0,2.2,0,0,0,29.1
Teocinte,Teo2,15D,28.5,22,6.5,3.2,-3.3,5.9,0,0,0,28.5
Teocinte,Teo2,15D,27.8,20.1,7.7,7.7,0,3.5,0,0,0,27.8
Teocinte,Teo2,15D,27.3,21.3,6,5.4,-0.6,4.8,0,0,0,27.3
Teocinte,Teo2,15D,40.2,20.2,8.1,20,11.9,3.8,0,0,1,30.3
Teocinte,Teo2,15D,23,19.8,3.2,3.2,0,1.6,0,0,0,23
Teocinte,Teo2,15D,18.6,12.8,15.8,14.5,-1.3,2,0,0,0,28.6
Teocinte,Teo2,15D,16.8,8.3,8.5,7.8,-0.7,7.8,0,0,0,16.8
Teocinte,Teo2,15D,13.1,12,1.1,1.1,0,1.4,0,0,0,13.1
Teocinte,Teo2,15D,11.5,7,4.5,4.5,0,4,0,0,0,11.5
Teocinte,Teo2,15D,8.1,6.5,1.6,1.6,0,3.4,0,0,0,8.1
Teocinte,Teo2,15L,19.9,15.9,2.8,4,1.2,4,0,0,1,20.7
Teocinte,Teo2,15L,8.9,4.9,3.3,4,0.7,6.5,3,0,1,10.2
Teocinte,Teo2,15L,17.9,13.5,4.3,4.4,0.1,5.2,0,0,1,19.8
Teocinte,Teo2,15L,13.5,8.3,3.2,5.2,2,2.6,0,0,1,13.5
Teocinte,Teo2,15L,18.1,11.5,4.1,6.6,2.5,5.5,0,0,1,17.6
Teocinte,Teo2,15L,12.4,5.5,4.5,6.9,2.4,4,0,0,1,12
Teocinte,Teo2,15L,25.1,16.4,3.5,8.7,5.2,3.4,0,0,1,21.9
Teocinte,Teo2,15L,20.3,11.1,5,9.2,4.2,4.8,0,0,1,18.1
Teocinte,Teo2,15L,23.1,12.8,1.9,10.3,8.4,1.8,0,0,1,16.7
Teocinte,Teo2,15L,24.5,13.5,3.2,11,7.8,1.3,0,0,1,18.7
Teocinte,Teo2,15L,21.1,10,7.1,11.1,4,2.1,1,0,1,19.1
Teocinte,Teo2,15L,21,9.3,4.7,11.7,7,3.5,0,0,1,16
Teocinte,Teo2,15L,25.4,13,3.1,12.4,9.3,1.8,0,0,1,18.1
Teocinte,Teo2,15L,23.9,11.4,3,12.5,9.5,1.8,0,0,1,16.4
Teocinte,Teo2,15L,26.5,13.3,3.5,13.2,9.7,2.4,0,0,1,18.8
Teocinte,Teo2,15L,19.9,6.5,4.7,13.4,8.7,3,0,0,1,13.2
Teocinte,Teo2,15L,27.5,10.5,4.5,17,12.5,6.3,1,0,1,17
Teocinte,Teo2,15L,35.5,17.8,3,17.7,14.7,1.5,0,0,1,22.8
Teocinte,Teo2,15L,21.7,13.5,3.6,18.2,14.6,3,0,0,1,19.1
Teocinte,Teo2,15L,24.5,4.8,10,19.7,9.7,1.7,0,0,1,16.8
Teocinte,Teo2,15L,36.6,16,2.8,20.6,17.8,2.3,0,0,1,20.8
Teocinte,Teo2,15L,30.5,8.3,3.6,22.2,18.6,10.2,1,0,1,13.9
Teocinte,Teo2,15L,24.9,15,4.3,27.9,23.6,3,0,0,1,21.3
Teocinte,Teo2,15L,42.9,13.5,5.9,29.4,23.5,3.9,0,0,1,21.4
Teocinte,Teo2,15L,15.7,7.7,8,8,0,3.7,0,0,0,15.7
Teocinte,Teo2,15L,11.7,5.2,6.5,6.5,0,1.5,1,0,0,11.7
Teocinte,Teo2,15L,8.8,6.3,2.5,2.5,0,3.5,0,0,0,8.8
Teocinte,Teo2,15L,1.9,1,0.9,0.9,0,10,0,0,0,1.9
