Group,Stem,Mesocotyl,Coleoptile,FPL,FPLCol,RDSD,BreakCol,PR,ARCN,SRV,SRD,SR
Tripsacum,26.1,18.4,2.9,8.1,5.2,23.3,1,1.1,0,0,1,1
Tripsacum,27,20.6,3,6.8,3.8,25.6,1,3.1,0,0,1,1
Tripsacum,28.2,22.4,2,5.2,3.2,26.4,1,4.5,0,1,0,1
Tripsacum,22.3,20.6,1.8,1.8,0,22.4,0,2,0,1,0,1
Tripsacum,11.1,10.5,1.1,1.1,0,11.6,0,1.5,0,1,1,2
Tripsacum,22.6,19.8,2.3,2.7,0.4,24.1,1,2,0,0,0,0
Tripsacum,24.4,22.5,1.6,1.9,0.3,25.2,1,1.1,0,0,0,0
Tripsacum,31.2,21.5,3.2,9.8,6.6,26.7,1,3.3,0,0,0,0
Tripsacum,26.4,18.3,2.4,8.5,6.1,22.7,1,3.2,0,0,0,0
Tripsacum,17.2,24.7,1.4,1.1,-0.3,26.1,0,4,0,0,0,0
Tripsacum,20.5,19.3,1,0.8,-0.2,20.3,0,0.3,0,0,0,0
Tripsacum,7.8,7.3,0.5,0.5,0,7.8,0,1.1,0,0,0,0
Tripsacum,23.3,19.2,1.9,3,1.1,22.2,1,3.2,0,0,0,0
Tripsacum,17.8,16.2,1.3,0.9,-0.4,17.5,0,0.6,0,0,0,0
Tripsacum,26.5,15.7,3,10.9,7.9,20.7,1,2.2,0,0,0,0
Tripsacum,11.2,9.8,1.4,1.4,0,11.2,0,0.6,0,0,0,0
Tripsacum,27.8,18.3,2.5,9.9,7.4,22.8,1,1.4,0,0,0,0
Maize,18.4,12,6.4,6.4,0,18.4,0,5.5,0,1,2,3
Maize,22.4,16,6.3,6.3,0,22.3,0,5.5,0,1,4,5
Maize,19.8,11.3,8.5,7.5,-1,19.8,0,11.9,0,1,2,3
Maize,22,16.7,5.3,5.1,-0.2,22,0,3.8,0,1,2,3
Maize,16.5,11.5,5.1,5.1,0,16.6,0,9,0,1,2,3
Maize,26.3,16.5,6.8,10,3.2,25.3,1,13.6,0,1,2,3
Maize,13.7,10.3,3.4,2.8,-0.6,13.7,0,1.8,0,1,2,3
Maize,23.7,16.5,5.2,7.2,2,23.7,1,3.5,0,1,2,3
Maize,20.5,14.7,5.7,4.9,-0.8,20.4,0,4.2,0,1,2,3
Maize,20.1,12.5,7.8,7.8,0,20.3,0,3.3,1,2,2,4
Maize,17.5,11,6.5,5.9,-0.6,17.5,0,4.4,0,2,2,4
Maize,23.5,15.5,7,8,1,23.5,1,7.5,0,1,2,3
Maize,24.5,19.5,5,5,0,24.5,0,6.2,0,0,2,2
Maize,26.7,22.2,4.1,4.5,0.4,26.7,1,5.5,0,2,2,4
Maize,27.5,19.5,4.5,8,3.5,26,1,7.2,0,0,2,2
Maize,17.5,10.5,7,7,0,17.5,0,8.5,0,1,2,3
Maize,15,10,5,3,-2,15,0,16.2,0,1,1,2
Maize,28.5,18.5,7,10,3,27.5,1,11,0,1,2,3
Maize,24,18.5,5.5,5,-0.5,24,0,5,0,0,2,2
Maize,27,22,5,5,0,27,0,19.8,0,0,1,1
Maize,26,19,7,7,0,26,0,22.4,0,1,2,3
Maize,17.2,12.2,5,4.4,-0.6,17.2,0,8.3,0,0,2,2
Maize,17.8,11,6.5,6.8,0.3,17.8,1,35.4,0,0,2,2
Maize,36.2,19,6.2,17.4,11.2,27.2,1,18,0,1,2,3
Maize,28.5,21.5,7,6,-1,28.5,0,13.2,0,1,1,2
Maize,30.5,19.5,5.3,11,5.7,26.8,1,29.5,0,1,2,3
Maize,27.8,18.5,8,9.6,1.6,28.1,1,17,0,1,1,2
Maize,25.5,14,5,11.5,6.5,21,1,7.8,0,0,2,2
Maize,23.5,16.5,7,6.6,-0.4,23.5,0,20.7,0,1,2,3
Maize,18.5,11.5,7.5,3,-4.5,19,0,10.5,0,1,3,4
Maize,17.5,10,5.8,7.5,1.7,17.5,1,21.4,0,1,2,3
Maize,29,21.5,5,7.5,2.5,28.5,1,28.2,0,0,2,2
Maize,31.5,15,16.5,5.3,-11.2,31.5,0,27,0,0,2,2
Maize,26.5,19.5,7.5,6,-1.5,27,0,12,0,1,1,2
Maize,23,15,8,6,-2,23,0,18,0,1,2,3
Maize,22,17,5,5,0,22,0,22,0,1,2,3
Maize,20.5,14,6.5,4.5,-2,20.5,0,6,0,1,2,3
Maize,16,10,6,6,0,16,0,16.4,0,1,2,3
Maize,17.5,10,7.3,4.8,-2.5,17.3,0,11.5,0,0,2,2
Maize,23,15.5,7.5,7.3,-0.2,23,0,15.8,0,0,2,2
Maize,25.5,17.5,8,5.3,-2.7,25.5,0,12,0,1,1,2
Maize,22.2,15,7.2,5.4,-1.8,22.2,0,31.6,0,1,2,3
Maize,27.5,16,7.5,11.5,4,25.5,1,16,0,1,2,3
Maize,25,15,8.3,10,1.7,25,1,7,0,1,1,2
Maize,19.7,10.4,9.4,6.5,-2.9,19.8,0,14.5,0,1,1,2
Maize,33.5,25,8.5,7.8,-0.7,33.5,0,27.3,0,1,2,3
Maize,24.7,13.7,6,11,5,21.7,1,7,0,0,2,2
Maize,16,11.5,4.5,4.5,0,16,0,12.9,0,0,2,2
Maize,13,10.6,2.4,2.4,0,13,0,4.5,0,1,1,2
Maize,14,11,3,2.3,-0.7,14,0,6,0,0,2,2
Maize,17.8,10.3,3.7,7.8,4.1,16,1,2.8,0,0,2,2
Maize,17.2,10.2,7,5.7,-1.3,17.2,0,11.5,0,2,2,4
Maize,22.5,15.8,5.8,7,1.2,22.8,1,9,0,1,2,3
Maize,16.2,11.5,4.8,4.5,-0.3,16.3,0,19.3,0,1,2,3
Maize,18.7,12,5.5,6.7,1.2,18.7,1,12,0,0,1,1
Maize,24.6,16.6,5.8,8,2.2,24.4,1,6.2,0,1,2,3
Maize,24,17,7,5.3,-1.7,24,0,20.7,0,1,2,3
Maize,28,16.8,5.5,11.2,5.7,24.3,1,8.7,0,1,1,2
Maize,21.4,15,5.8,6.4,0.6,21.4,1,13.3,0,0,1,1
Maize,19.5,12.5,7,6.3,-0.7,19.5,0,12.7,0,0,2,2
Maize,22.5,12,7.3,10.5,3.2,21.3,1,10.3,0,1,1,2
Maize,15.1,11.5,3.6,3.6,0,15.1,0,11.3,0,0,3,3
Maize,32.5,20.5,6,12,6,28.5,1,20,0,0,2,2
Maize,25,19,6,4.8,-1.2,25,0,10,0,0,1,1
Maize,21.5,15,7.5,5.3,-2.2,22.5,0,11.5,0,0,2,2
Maize,17,10,7,5.8,-1.2,17,0,12.8,0,0,2,2
Maize,17.5,11.5,5,6,1,17.5,1,10,0,0,2,2
Maize,15.5,11.7,3.8,3.8,0,15.5,0,15.2,0,1,3,4
Maize,16.5,11.5,5,5,0,16.5,0,20,0,0,2,2
Maize,11.5,6.8,4.8,3.5,-1.3,11.6,0,8.6,0,0,1,1
Maize,17.8,10.3,3.7,7.8,4.1,16,1,2.8,0,0,2,2
Maize,17.2,10.2,7,5.7,-1.3,17.2,0,11.5,0,2,2,4
Maize,22.5,15.8,5.8,7,1.2,22.8,1,9,0,1,2,3
Maize,16.2,11.5,4.8,4.5,-0.3,16.3,0,19.3,0,1,2,3
Maize,9.5,4.5,4.2,5,0.8,9.5,1,10,0,1,2,3
Maize,5.6,2.5,3.1,2.5,-0.6,5.6,0,14.6,0,0,2,2
Maize,14,9,4.7,3.2,-1.5,13.7,0,10.1,0,0,2,2
Maize,16,7,4,9,5,13,1,12,0,2,2,4
Maize,21.7,15.7,6,6,0,21.7,0,8.1,0,0,2,2
Maize,11.7,6.5,5.2,3,-2.2,11.7,0,9.7,0,1,5,6
Maize,16.5,11,5,5.5,0.5,16.5,1,6,0,0,2,2
Maize,21.5,10.5,6.2,11,4.8,18.7,1,7.7,0,0,2,2
Maize,22.2,13.7,5.8,9.1,3.3,21.5,1,16.6,0,0,1,1
Maize,25.4,19,6.5,6.5,0,25.5,0,10,0,1,2,3
Maize,18,13.5,4.5,4.5,0,18,0,6.1,0,1,2,3
Maize,16.5,9.6,7,6.5,-0.5,16.6,0,11.7,0,0,2,2
Maize,11.5,6.2,5.3,5.7,0.4,11.9,1,11.7,0,1,1,2
Maize,23.5,18,5.5,5.5,0,23.5,0,8,0,1,2,3
Maize,18.2,10.8,7.6,4.6,-3,18.4,0,13.5,0,1,3,4
Maize,23.5,17,6.4,6.5,0.1,23.5,1,6.5,0,1,2,3
Maize,23.5,16,7,7.5,0.5,23.5,1,7.5,0,1,2,3
Maize,17,11,6,6,0,17,0,6,3,1,2,3
Maize,14,7,5.6,7,1.4,14,1,7,0,0,2,2
Maize,17.5,11.5,3.5,6,2.5,17,1,6,0,1,2,3
Maize,13,9.5,3.5,3.5,0,13,0,3.5,0,1,2,3
Maize,15,10,4.3,5,0.7,15,1,5,0,0,1,1
Maize,33.5,25,8.5,8.5,0,33.5,0,8.5,0,1,2,3
Maize,32,23,6.3,9,2.7,31.3,1,9,0,0,2,2
Maize,7.5,4.4,3.1,1.8,-1.3,7.5,0,4.7,0,0,2,2
Maize,13,8,5,3.8,-1.2,13,0,2.8,0,0,2,2
Maize,18.5,13,5.5,4,-1.5,18.5,0,13.5,0,0,1,1
Maize,15.5,11.5,4,4,0,15.5,0,11.4,0,0,2,2
Maize,14,5,5,9,4,12,1,3.7,0,2,2,4
Maize,14.5,10.5,4,4,0,14.5,0,4.7,0,1,2,3
Maize,6,4.7,1.3,1.3,0,6,0,2.8,0,0,2,2
Maize,9.4,5.8,3.6,3,-0.6,9.4,0,4.5,0,0,2,2
Maize,10.5,6.4,4.1,1.6,-2.5,10.5,0,5.6,0,0,2,2
Maize,10.5,6,4.5,2.4,-2.1,10.5,0,4.5,0,1,2,3
Maize,26.5,19.5,6,7,1,26.5,1,6.2,0,0,2,2
Maize,21.3,13.3,6.2,8,1.8,10.7,1,8.8,0,0,2,2
Maize,18.5,11.5,6.5,7,0.5,12.5,1,5.5,0,1,1,2
Maize,12.5,6,6.5,2,-4.5,12.5,0,17.5,0,0,2,2
Maize,21.5,17.5,4,4,0,21.5,0,3.8,0,0,2,2
Maize,20,12.5,7.5,1.5,-6,20,0,9,0,1,3,4
Maize,14,8,4.5,6,1.5,14,1,10.5,0,0,2,2
Maize,21,10.5,5,10.5,5.5,17.5,1,4.2,0,0,2,2
Maize,21.5,15,6.5,5.7,-0.8,21.5,0,9.5,0,1,2,3
Maize,19,13,6,6,0,19,0,17.5,0,0,2,2
Maize,24,18.5,5.5,4.7,-0.8,24,0,5,0,0,2,2
Maize,12.5,9,3.5,3.3,-0.2,12.5,0,7.2,0,0,2,2
Maize,23,15,6.2,8,1.8,23,1,6.5,0,0,2,2
Maize,23.2,16.5,5,7,2,23.5,1,5.7,0,1,2,3
Maize,19.5,15.5,4,4,0,19.5,0,6.5,0,0,2,2
Maize,25,12.5,5.7,12.7,7,20.2,1,12.7,0,1,2,3
Maize,20,10.5,9.5,7.2,-2.3,20,0,5.3,0,0,2,2
Maize,19,12,7,6.4,-0.6,19,0,4.4,0,0,2,2
Maize,17,10,7,6.4,-0.6,17,0,6.2,0,0,2,2
Maize,14.3,8.5,5.8,4.4,-1.4,14.3,0,3.6,0,0,2,2
Maize,23.6,16.6,6,7,1,23.6,1,12,0,0,2,2
Maize,27,20.7,6.3,4.8,-1.5,27,0,4,0,1,2,3
Maize,18,12.5,5.5,5.5,0,18,0,10.5,0,1,2,3
Maize,15,7,4.6,8,3.4,13.6,1,4.5,0,1,3,4
Maize,25,19,6,5.5,-0.5,25,0,4.3,0,0,2,2
Maize,13,8.5,4.5,4.5,0,13,0,6,0,0,2,2
Maize,15,10,5,5,0,15,0,2.8,0,0,2,2
Maize,14.7,12,2.7,2.3,-0.4,14.7,0,3.2,0,1,1,2
Maize,14,12,2,2,0,14,0,5.7,0,0,2,2
Maize,13,7,6,4.2,-1.8,13,0,5,0,1,2,3
Maize,24.7,18.6,4.6,6.1,1.5,24.7,1,15,0,0,2,2
Maize,25.2,16,6.3,9.2,2.9,24.3,1,3.5,0,0,2,2
Maize,21,14,6.7,7,0.3,21,1,2.1,0,1,1,2
Maize,14,7.5,4,6.5,2.5,13.5,1,8,0,1,2,3
Maize,16,11,5,4,-1,16,0,7,0,1,3,4
Maize,22,14,7,8,1,22,1,7.2,0,1,2,3
Maize,26,13.5,6.6,12.5,5.9,22.1,1,15,0,1,2,3
Maize,22.2,15.2,5.7,6.7,1,21.9,1,3.3,0,1,2,3
Maize,15,10,4.2,5,0.8,15,1,6,0,1,2,3
Maize,13.2,9,4.2,4.2,0,13.2,0,8.4,0,0,2,2
Maize,15.8,9.5,4.1,6.3,2.2,15.6,1,5,0,1,2,3
Maize,12.5,8.5,4,3.7,-0.3,12.5,0,32,0,1,2,3
Maize,26.8,20,6.8,5.8,-1,26.8,0,5.8,0,1,2,3
Maize,22.8,17,5.8,5.8,0,22.8,0,6.6,0,0,3,3
Maize,20.7,12.7,8,5.4,-2.6,20.7,0,4.7,0,1,2,3
Maize,18,13,5,5,0,18,0,22.5,0,0,2,2
Maize,26.5,20,6.5,3.5,-3,26.5,0,5,0,1,2,3
Maize,27.5,23,4.5,4.5,0,27.5,0,3.5,0,0,4,4
Maize,17.5,11,6.5,6.5,0,17.5,0,5.8,0,0,2,2
Maize,20,12.5,7.5,5.8,-1.7,20,0,18.5,0,1,2,3
Maize,18,12.5,5.5,4.8,-0.7,18,0,8.4,0,0,2,2
Maize,19.6,12,7.6,4.4,-3.2,19.6,0,8.4,0,1,2,3
Maize,19,13,6,6,0,19,0,5.6,0,0,2,2
Maize,10.6,7.3,3.3,3.3,0,10.6,0,5.5,0,1,3,4
Maize,16.2,12,4.2,4.2,0,16.2,0,5.1,0,0,2,2
Maize,18,11,6.2,7,0.8,18,1,4.3,0,0,2,2
Teosinte,29,24,5,5,0,29,0,1.7,0,0,0,0
Teosinte,25.6,17.6,5.7,8,2.3,25.3,1,2.4,0,0,0,0
Teosinte,23,19.6,3,3.2,0.2,22.8,1,2.4,0,0,0,0
Teosinte,22,18.2,3.8,3.8,0,22,0,2.1,0,0,0,0
Teosinte,19,14,4.5,5,0.5,19,1,2.4,0,0,0,0
Teosinte,20,13.5,3.9,6.5,2.6,19.4,1,3.6,0,0,0,0
Teosinte,16.8,12.2,4.5,4.5,0,16.7,0,3.5,0,0,0,0
Teosinte,16.5,13,3.5,3.5,0,16.5,0,3,0,0,0,0
Teosinte,15.5,12.5,3,3,0,15.5,0,3.5,0,0,0,0
Teosinte,12.5,11,1.5,1.5,0,12.5,0,3.5,0,0,0,0
Teosinte,14.7,12.3,2.4,2.4,0,14.7,0,7.4,0,0,3,3
Teosinte,20,17.5,2.5,2.5,0,20,0,8,0,0,0,0
Teosinte,19.7,16.6,3.1,3.1,0,19.7,0,4.4,0,0,0,0
Teosinte,16.3,13,2.9,3.3,0.4,16.3,1,5.3,0,0,0,0
Teosinte,23,16.9,6.1,4.3,-1.8,23,0,6.7,0,0,0,0
Teosinte,12.4,10.6,1.9,1.9,0,12.5,0,6.2,0,0,0,0
Teosinte,8.7,7.5,1.2,1.2,0,8.7,0,6.6,0,0,0,0
Teosinte,11.4,8.3,3.4,3.3,-0.1,11.7,0,8.1,0,0,0,0
Teosinte,6,4.5,1.5,1.7,0.2,6,1,1,0,0,0,0
Teosinte,20,15.5,4.5,4.4,-0.1,20,0,4.6,0,0,0,0
Teosinte,32.3,27.3,5,5,0,32.3,0,7,0,0,0,0
Teosinte,16,13.5,2.5,2.5,0,16,0,3.2,0,0,0,0
Teosinte,33.2,29.5,3.7,3.7,0,33.2,0,3.6,0,0,0,0
Teosinte,31.2,27,4.2,4.2,0,31.2,0,6,0,0,0,0
Teosinte,31.9,19.4,3.2,12.4,9.2,24.6,1,6.1,0,0,0,0
Teosinte,21,13,5.2,8,2.8,20.2,1,4,0,0,0,0
Teosinte,25.1,22,3.1,3,-0.1,25.1,0,6.4,0,0,0,0
Teosinte,20,16.5,3.5,3.5,0,20,0,6.2,0,0,0,0
Teosinte,28,21.3,3.9,6.7,2.8,27.2,1,9.6,0,0,0,0
Teosinte,17,14.6,2.4,2.4,0,17,0,4.2,0,0,0,0
Teosinte,17.2,16,1.2,1.2,0,17.2,0,7.9,0,0,0,0
Teosinte,17.6,15.6,2,2,0,17.6,0,3.7,0,0,1,1
Teosinte,25,20.5,4.5,4.5,0,25,0,5,0,0,0,0
Teosinte,10.7,8,2.7,2.7,0,10.7,0,4,0,0,0,0
Teosinte,16.5,12.5,4,4,0,16.5,0,4.6,0,0,0,0
Teosinte,26,21,5,5,0,26,0,4.1,0,0,0,0
Teosinte,20.5,16.5,4,4,0,20.5,0,6,0,0,0,0
Teosinte,10,8.2,1.8,1.8,0,10,0,6.3,0,0,0,0
Teosinte,13.5,12.4,1.1,1.1,0,13.5,0,2.5,0,0,0,0
Teosinte,5.5,3.5,2,2,0,5.5,0,6.6,0,0,0,0
Teosinte,28,24,4,4,0,28,0,9.3,0,0,0,0
Teosinte,30.8,26,4.8,4.8,0,30.8,0,3.6,0,0,0,0
Teosinte,27,23.2,3.8,3.7,-0.1,27,0,4.2,0,0,0,0
Teosinte,26.5,22.2,4.3,4.3,0,26.5,0,4,0,0,0,0
Teosinte,21.2,19,2.2,2.1,-0.1,21.2,0,4.8,0,0,0,0
Teosinte,19.5,15,4.5,4.5,0,19.5,0,3.3,0,0,0,0
Teosinte,16.5,14.5,2,2,0,16.5,0,3.6,0,0,0,0
Teosinte,25,16.5,6.2,8.5,2.3,24.7,1,7.7,0,0,0,0
Teosinte,9.5,8.5,1,1,0,9.5,0,4.4,0,0,0,0
Teosinte,13.5,11.5,2,2,0,13.5,0,7.1,0,0,0,0
Teosinte,24.4,20.2,4.2,4.2,0,24.4,0,5.6,0,0,0,0
Teosinte,27.5,22.5,5,4.3,-0.7,27.5,0,5.6,0,0,0,0
Teosinte,24.5,20.5,4,4,0,24.5,0,5.6,0,0,0,0
Teosinte,17.6,15.4,2.2,2.2,0,17.6,0,7.5,0,0,0,0
Teosinte,16,13.5,2.5,2.5,0,16,0,3.7,0,0,0,0
Teosinte,17.5,11.5,6,4.5,-1.5,17.5,0,5.6,0,0,0,0
Teosinte,15.5,13.7,1.7,1.7,0,15.4,0,7.7,0,0,0,0
Teosinte,28.3,23.7,4.6,4.6,0,28.3,0,6.1,0,0,0,0
Teosinte,26.5,20,6.5,4.7,-1.8,26.5,0,6.7,0,0,0,0
Teosinte,25,20,5,5,0,25,0,6.4,0,0,0,0
Teosinte,12,9,3,3,0,12,0,5.2,0,0,0,0
Teosinte,6.3,5.3,1,1,0,6.3,0,2.4,0,0,0,0
